{"mae": 8992.900514514638, "mse": 148093585.12614954, "r2": 0.7342125624355297}