{"mae": 9035.259344335422, "mse": 148703566.24440494, "r2": 0.7336293000507774}