{"model_name": "RandomForest", "mae": 0.824544513446842, "mse": 14.291399997890071, "r2": 0.9992668106464139}