{"mae": 5585.141444342056, "mse": 82588707.71719147, "r2": 0.8795550574712047, "smape": 12.65585816891166}