{"model_name": "RandomForest", "mae": 3.2754878048780474, "mse": 102.02605487804877, "r2": 0.993789368117997}