{"model_name": "RandomForest", "mae": 0.88716102125099, "mse": 15.35400452199394, "r2": 0.9991464450806852}