{"model_name": "RandomForest", "mae": 3.443170731707319, "mse": 106.10830487804878, "r2": 0.9933980573247656}